[
    {
        "pid": 34,
        "dateID": 0,
        "TimebyHour": [
            "00",
            "01",
            "02",
            "03",
            "04",
            "05",
            "06",
            "07",
            "08",
            "09",
            "10",
            "11",
            "12",
            "13",
            "14",
            "15",
            "16",
            "17",
            "18",
            "19",
            "20",
            "21",
            "22",
            "23"
        ],
        "mean": [
            0,
            0,
            0,
            0,
            0,
            0,
            0,
            0,
            0,
            0,
            0,
            0,
            0,
            0,
            0,
            0,
            72.83,
            74.97,
            79.83,
            83.75,
            79.99,
            81.09,
            0,
            0
        ],
        "min": [
            0,
            0,
            0,
            0,
            0,
            0,
            0,
            0,
            0,
            0,
            0,
            0,
            0,
            0,
            0,
            0,
            67,
            73,
            65,
            64,
            65,
            65,
            0,
            0
        ],
        "max": [
            0,
            0,
            0,
            0,
            0,
            0,
            0,
            0,
            0,
            0,
            0,
            0,
            0,
            0,
            0,
            0,
            76,
            76,
            124,
            131,
            145,
            112,
            0,
            0
        ],
        "std": [
            0,
            0,
            0,
            0,
            0,
            0,
            0,
            0,
            0,
            0,
            0,
            0,
            0,
            0,
            0,
            0,
            1.86,
            1.04,
            10.99,
            12.76,
            13.2,
            10.52,
            0,
            0
        ],
        "hrv": [
            0,
            0,
            0,
            0,
            0,
            0,
            0,
            0,
            0,
            0,
            0,
            0,
            0,
            0,
            0,
            0,
            13.164354282217431,
            0.1017852909176803,
            104.38054867742105,
            147.9846408782285,
            150.1726821024957,
            90.20057677294726,
            0,
            0
        ]
    },
    {
        "pid": 34,
        "dateID": 1,
        "TimebyHour": [
            "00",
            "01",
            "02",
            "03",
            "04",
            "05",
            "06",
            "07",
            "08",
            "09",
            "10",
            "11",
            "12",
            "13",
            "14",
            "15",
            "16",
            "17",
            "18",
            "19",
            "20",
            "21",
            "22",
            "23"
        ],
        "mean": [
            0,
            0,
            0,
            0,
            0,
            0,
            72.77,
            71.84,
            71.59,
            71.34,
            71.9,
            77.22,
            79.37,
            80.89,
            79.8,
            78.79,
            86.26,
            0,
            0,
            0,
            0,
            0,
            0,
            0
        ],
        "min": [
            0,
            0,
            0,
            0,
            0,
            0,
            65,
            71,
            71,
            71,
            70,
            67,
            66,
            55,
            62,
            60,
            64,
            0,
            0,
            0,
            0,
            0,
            0,
            0
        ],
        "max": [
            0,
            0,
            0,
            0,
            0,
            0,
            89,
            71,
            71,
            71,
            88,
            103,
            137,
            108,
            106,
            137,
            129,
            0,
            0,
            0,
            0,
            0,
            0,
            0
        ],
        "std": [
            0,
            0,
            0,
            0,
            0,
            0,
            3.5,
            0.07,
            0.07,
            0.07,
            2.28,
            5.38,
            8.04,
            9.26,
            6.64,
            10.32,
            13.67,
            0,
            0,
            0,
            0,
            0,
            0,
            0
        ],
        "hrv": [
            0,
            0,
            0,
            0,
            0,
            0,
            32.21561690315675,
            0.0076519802734985876,
            0.0077054640469072485,
            0.007759510527177726,
            37.88844365857807,
            102.37785690332372,
            126.13323264365457,
            165.22706944932233,
            108.10566548148472,
            156.95863227194076,
            116.99489885520792,
            0,
            0,
            0,
            0,
            0,
            0,
            0
        ]
    },
    {
        "pid": 34,
        "dateID": 2,
        "TimebyHour": [
            "00",
            "01",
            "02",
            "03",
            "04",
            "05",
            "06",
            "07",
            "08",
            "09",
            "10",
            "11",
            "12",
            "13",
            "14",
            "15",
            "16",
            "17",
            "18",
            "19",
            "20",
            "21",
            "22",
            "23"
        ],
        "mean": [
            0,
            0,
            0,
            0,
            0,
            0,
            0,
            0,
            77.69,
            81.7,
            83.65,
            88.96,
            82.02,
            79.06,
            73.6,
            74.18,
            74.71,
            81.91,
            79.14,
            82.33,
            91.99,
            90.01,
            82.98,
            80.3
        ],
        "min": [
            0,
            0,
            0,
            0,
            0,
            0,
            0,
            0,
            67,
            61,
            68,
            67,
            64,
            60,
            57,
            67,
            65,
            67,
            57,
            65,
            49,
            67,
            68,
            69
        ],
        "max": [
            0,
            0,
            0,
            0,
            0,
            0,
            0,
            0,
            100,
            95,
            110,
            105,
            105,
            105,
            107,
            100,
            100,
            109,
            115,
            116,
            116,
            102,
            105,
            103
        ],
        "std": [
            0,
            0,
            0,
            0,
            0,
            0,
            0,
            0,
            4.0,
            4.33,
            5.69,
            5.7,
            5.05,
            5.12,
            6.02,
            4.63,
            3.84,
            8.03,
            8.16,
            10.19,
            12.15,
            5.49,
            5.44,
            5.04
        ],
        "hrv": [
            0,
            0,
            0,
            0,
            0,
            0,
            0,
            0,
            71.56971855308868,
            93.5880391690181,
            109.33834167883009,
            92.34656327519156,
            128.91795727032058,
            127.11238964825307,
            204.60731417278834,
            80.25019919865582,
            72.1431601256904,
            105.99244172301889,
            105.65764877935798,
            92.10210615727945,
            129.19951946622086,
            86.62096276821478,
            98.64469017335107,
            60.80229186849
        ]
    },
    {
        "pid": 34,
        "dateID": 3,
        "TimebyHour": [
            "00",
            "01",
            "02",
            "03",
            "04",
            "05",
            "06",
            "07",
            "08",
            "09",
            "10",
            "11",
            "12",
            "13",
            "14",
            "15",
            "16",
            "17",
            "18",
            "19",
            "20",
            "21",
            "22",
            "23"
        ],
        "mean": [
            0,
            0,
            0,
            0,
            0,
            0,
            0,
            0,
            0,
            0,
            78.72,
            77.43,
            76.29,
            89.98,
            79.33,
            74.2,
            87.24,
            80.42,
            74.99,
            84.96,
            0,
            0,
            0,
            0
        ],
        "min": [
            0,
            0,
            0,
            0,
            0,
            0,
            0,
            0,
            0,
            0,
            58,
            63,
            62,
            70,
            60,
            55,
            62,
            65,
            59,
            60,
            0,
            0,
            0,
            0
        ],
        "max": [
            0,
            0,
            0,
            0,
            0,
            0,
            0,
            0,
            0,
            0,
            94,
            114,
            109,
            105,
            105,
            110,
            115,
            94,
            107,
            113,
            0,
            0,
            0,
            0
        ],
        "std": [
            0,
            0,
            0,
            0,
            0,
            0,
            0,
            0,
            0,
            0,
            6.66,
            6.45,
            3.6,
            6.51,
            6.21,
            6.42,
            10.03,
            4.73,
            3.51,
            6.92,
            0,
            0,
            0,
            0
        ],
        "hrv": [
            0,
            0,
            0,
            0,
            0,
            0,
            0,
            0,
            0,
            0,
            54.02766986469894,
            115.27987392786152,
            72.17081930020937,
            97.10710559776162,
            131.6380673102811,
            167.9074220920966,
            131.14196715443225,
            99.9558122290527,
            105.73569717519099,
            105.56178770928389,
            0,
            0,
            0,
            0
        ]
    },
    {
        "pid": 34,
        "dateID": 4,
        "TimebyHour": [
            "00",
            "01",
            "02",
            "03",
            "04",
            "05",
            "06",
            "07",
            "08",
            "09",
            "10",
            "11",
            "12",
            "13",
            "14",
            "15",
            "16",
            "17",
            "18",
            "19",
            "20",
            "21",
            "22",
            "23"
        ],
        "mean": [
            0,
            0,
            0,
            0,
            0,
            0,
            0,
            0,
            0,
            0,
            0,
            0,
            0,
            0,
            87.49,
            86.46,
            81.62,
            77.89,
            77.0,
            73.93,
            74.97,
            75.82,
            80.12,
            83.58
        ],
        "min": [
            0,
            0,
            0,
            0,
            0,
            0,
            0,
            0,
            0,
            0,
            0,
            0,
            0,
            0,
            65,
            45,
            75,
            64,
            63,
            65,
            57,
            71,
            64,
            49
        ],
        "max": [
            0,
            0,
            0,
            0,
            0,
            0,
            0,
            0,
            0,
            0,
            0,
            0,
            0,
            0,
            109,
            111,
            115,
            109,
            129,
            105,
            102,
            102,
            120,
            100
        ],
        "std": [
            0,
            0,
            0,
            0,
            0,
            0,
            0,
            0,
            0,
            0,
            0,
            0,
            0,
            0,
            4.0,
            10.47,
            4.02,
            6.3,
            6.42,
            4.59,
            7.13,
            9.07,
            12.6,
            11.96
        ],
        "hrv": [
            0,
            0,
            0,
            0,
            0,
            0,
            0,
            0,
            0,
            0,
            0,
            0,
            0,
            0,
            102.07115227181897,
            204.45576262724697,
            59.25362379135682,
            93.33252033822419,
            101.52735695585419,
            87.90283026272172,
            80.9749856253013,
            36.83141755730466,
            89.30967709915859,
            110.64383502692174
        ]
    },
    {
        "pid": 34,
        "dateID": 5,
        "TimebyHour": [
            "00",
            "01",
            "02",
            "03",
            "04",
            "05",
            "06",
            "07",
            "08",
            "09",
            "10",
            "11",
            "12",
            "13",
            "14",
            "15",
            "16",
            "17",
            "18",
            "19",
            "20",
            "21",
            "22",
            "23"
        ],
        "mean": [
            0,
            0,
            0,
            0,
            0,
            0,
            0,
            77.19,
            74.68,
            73.78,
            79.09,
            81.58,
            85.35,
            81.2,
            0,
            0,
            0,
            0,
            0,
            0,
            0,
            0,
            0,
            0
        ],
        "min": [
            0,
            0,
            0,
            0,
            0,
            0,
            0,
            66,
            62,
            59,
            61,
            49,
            51,
            68,
            0,
            0,
            0,
            0,
            0,
            0,
            0,
            0,
            0,
            0
        ],
        "max": [
            0,
            0,
            0,
            0,
            0,
            0,
            0,
            92,
            92,
            93,
            101,
            114,
            116,
            105,
            0,
            0,
            0,
            0,
            0,
            0,
            0,
            0,
            0,
            0
        ],
        "std": [
            0,
            0,
            0,
            0,
            0,
            0,
            0,
            4.41,
            5.09,
            5.15,
            6.74,
            11.42,
            8.24,
            4.85,
            0,
            0,
            0,
            0,
            0,
            0,
            0,
            0,
            0,
            0
        ],
        "hrv": [
            0,
            0,
            0,
            0,
            0,
            0,
            0,
            60.69686644690317,
            99.74841671278983,
            158.79722279625759,
            128.3944673458588,
            237.27800005971258,
            155.04366716926074,
            95.64915180120491,
            0,
            0,
            0,
            0,
            0,
            0,
            0,
            0,
            0,
            0
        ]
    },
    {
        "pid": 34,
        "dateID": 6,
        "TimebyHour": [
            "00",
            "01",
            "02",
            "03",
            "04",
            "05",
            "06",
            "07",
            "08",
            "09",
            "10",
            "11",
            "12",
            "13",
            "14",
            "15",
            "16",
            "17",
            "18",
            "19",
            "20",
            "21",
            "22",
            "23"
        ],
        "mean": [
            0,
            0,
            0,
            0,
            0,
            0,
            0,
            0,
            0,
            0,
            74.24,
            77.18,
            79.75,
            75.83,
            76.0,
            76.0,
            76.26,
            0,
            0,
            0,
            0,
            0,
            0,
            0
        ],
        "min": [
            0,
            0,
            0,
            0,
            0,
            0,
            0,
            0,
            0,
            0,
            65,
            65,
            63,
            71,
            76,
            76,
            76,
            0,
            0,
            0,
            0,
            0,
            0,
            0
        ],
        "max": [
            0,
            0,
            0,
            0,
            0,
            0,
            0,
            0,
            0,
            0,
            81,
            102,
            105,
            82,
            76,
            76,
            156,
            0,
            0,
            0,
            0,
            0,
            0,
            0
        ],
        "std": [
            0,
            0,
            0,
            0,
            0,
            0,
            0,
            0,
            0,
            0,
            4.0,
            4.4,
            8.22,
            0.6,
            0.0,
            0.0,
            4.36,
            0,
            0,
            0,
            0,
            0,
            0,
            0
        ],
        "hrv": [
            0,
            0,
            0,
            0,
            0,
            0,
            0,
            0,
            0,
            0,
            29.25817206585682,
            97.20185851897674,
            120.48161395949506,
            14.573986086956625,
            0.0,
            0.0,
            69.53773910593756,
            0,
            0,
            0,
            0,
            0,
            0,
            0
        ]
    },
    {
        "pid": 34,
        "dateID": 7,
        "TimebyHour": [
            "00",
            "01",
            "02",
            "03",
            "04",
            "05",
            "06",
            "07",
            "08",
            "09",
            "10",
            "11",
            "12",
            "13",
            "14",
            "15",
            "16",
            "17",
            "18",
            "19",
            "20",
            "21",
            "22",
            "23"
        ],
        "mean": [
            0,
            156.0,
            151.04,
            141.01,
            130.97,
            120.94,
            110.91,
            100.87,
            90.84,
            80.8,
            72.39,
            105.95,
            74.08,
            73.26,
            0,
            0,
            0,
            0,
            0,
            0,
            0,
            0,
            0,
            0
        ],
        "min": [
            0,
            156,
            146,
            135,
            125,
            115,
            105,
            95,
            85,
            75,
            66,
            62,
            62,
            61,
            0,
            0,
            0,
            0,
            0,
            0,
            0,
            0,
            0,
            0
        ],
        "max": [
            0,
            156,
            156,
            146,
            135,
            125,
            115,
            105,
            95,
            85,
            150,
            150,
            154,
            84,
            0,
            0,
            0,
            0,
            0,
            0,
            0,
            0,
            0,
            0
        ],
        "std": [
            0,
            0.0,
            2.9,
            2.9,
            2.9,
            2.9,
            2.9,
            2.9,
            2.9,
            2.9,
            11.06,
            36.17,
            7.36,
            3.41,
            0,
            0,
            0,
            0,
            0,
            0,
            0,
            0,
            0,
            0
        ],
        "hrv": [
            0,
            0.0,
            0.06949091982215293,
            0.07995862695297624,
            0.09271020381464742,
            0.10877781921640124,
            0.1294209834753944,
            0.1565603181357527,
            0.19324314133800505,
            0.24454283351263675,
            89.54193259401376,
            86.53820871545456,
            117.03939847555458,
            70.01845215362533,
            0,
            0,
            0,
            0,
            0,
            0,
            0,
            0,
            0,
            0
        ]
    },
    {
        "pid": 34,
        "dateID": 8,
        "TimebyHour": [
            "00",
            "01",
            "02",
            "03",
            "04",
            "05",
            "06",
            "07",
            "08",
            "09",
            "10",
            "11",
            "12",
            "13",
            "14",
            "15",
            "16",
            "17",
            "18",
            "19",
            "20",
            "21",
            "22",
            "23"
        ],
        "mean": [
            0,
            0,
            0,
            0,
            0,
            0,
            0,
            0,
            0,
            0,
            0,
            0,
            0,
            0,
            0,
            0,
            72.9,
            73.57,
            77.32,
            80.33,
            73.13,
            72.27,
            73.83,
            83.27
        ],
        "min": [
            0,
            0,
            0,
            0,
            0,
            0,
            0,
            0,
            0,
            0,
            0,
            0,
            0,
            0,
            0,
            0,
            65,
            63,
            63,
            67,
            50,
            63,
            50,
            63
        ],
        "max": [
            0,
            0,
            0,
            0,
            0,
            0,
            0,
            0,
            0,
            0,
            0,
            0,
            0,
            0,
            0,
            0,
            100,
            90,
            111,
            101,
            99,
            91,
            155,
            150
        ],
        "std": [
            0,
            0,
            0,
            0,
            0,
            0,
            0,
            0,
            0,
            0,
            0,
            0,
            0,
            0,
            0,
            0,
            4.12,
            4.67,
            5.97,
            6.82,
            6.62,
            4.27,
            19.82,
            13.68
        ],
        "hrv": [
            0,
            0,
            0,
            0,
            0,
            0,
            0,
            0,
            0,
            0,
            0,
            0,
            0,
            0,
            0,
            0,
            56.745799304939474,
            86.25450712388333,
            61.98885784905273,
            110.10294758228773,
            142.5949923443255,
            119.92419351726599,
            182.75955946547325,
            150.89762872279366
        ]
    },
    {
        "pid": 34,
        "dateID": 9,
        "TimebyHour": [
            "00",
            "01",
            "02",
            "03",
            "04",
            "05",
            "06",
            "07",
            "08",
            "09",
            "10",
            "11",
            "12",
            "13",
            "14",
            "15",
            "16",
            "17",
            "18",
            "19",
            "20",
            "21",
            "22",
            "23"
        ],
        "mean": [
            83.39,
            0,
            0,
            0,
            0,
            0,
            0,
            0,
            0,
            0,
            0,
            0,
            0,
            0,
            0,
            0,
            0,
            0,
            0,
            0,
            0,
            0,
            0,
            0
        ],
        "min": [
            71,
            0,
            0,
            0,
            0,
            0,
            0,
            0,
            0,
            0,
            0,
            0,
            0,
            0,
            0,
            0,
            0,
            0,
            0,
            0,
            0,
            0,
            0,
            0
        ],
        "max": [
            145,
            0,
            0,
            0,
            0,
            0,
            0,
            0,
            0,
            0,
            0,
            0,
            0,
            0,
            0,
            0,
            0,
            0,
            0,
            0,
            0,
            0,
            0,
            0
        ],
        "std": [
            14.24,
            0,
            0,
            0,
            0,
            0,
            0,
            0,
            0,
            0,
            0,
            0,
            0,
            0,
            0,
            0,
            0,
            0,
            0,
            0,
            0,
            0,
            0,
            0
        ],
        "hrv": [
            99.59190278695853,
            0,
            0,
            0,
            0,
            0,
            0,
            0,
            0,
            0,
            0,
            0,
            0,
            0,
            0,
            0,
            0,
            0,
            0,
            0,
            0,
            0,
            0,
            0
        ]
    },
    {
        "pid": 34,
        "dateID": 10,
        "TimebyHour": [
            "00",
            "01",
            "02",
            "03",
            "04",
            "05",
            "06",
            "07",
            "08",
            "09",
            "10",
            "11",
            "12",
            "13",
            "14",
            "15",
            "16",
            "17",
            "18",
            "19",
            "20",
            "21",
            "22",
            "23"
        ],
        "mean": [
            0,
            0,
            0,
            0,
            0,
            0,
            0,
            0,
            0,
            0,
            85.21,
            78.93,
            0,
            0,
            0,
            0,
            0,
            0,
            0,
            0,
            0,
            0,
            0,
            0
        ],
        "min": [
            0,
            0,
            0,
            0,
            0,
            0,
            0,
            0,
            0,
            0,
            84,
            68,
            0,
            0,
            0,
            0,
            0,
            0,
            0,
            0,
            0,
            0,
            0,
            0
        ],
        "max": [
            0,
            0,
            0,
            0,
            0,
            0,
            0,
            0,
            0,
            0,
            86,
            87,
            0,
            0,
            0,
            0,
            0,
            0,
            0,
            0,
            0,
            0,
            0,
            0
        ],
        "std": [
            0,
            0,
            0,
            0,
            0,
            0,
            0,
            0,
            0,
            0,
            0.88,
            4.36,
            0,
            0,
            0,
            0,
            0,
            0,
            0,
            0,
            0,
            0,
            0,
            0
        ],
        "hrv": [
            0,
            0,
            0,
            0,
            0,
            0,
            0,
            0,
            0,
            0,
            3.727624029397137,
            38.60878428596746,
            0,
            0,
            0,
            0,
            0,
            0,
            0,
            0,
            0,
            0,
            0,
            0
        ]
    }
]